Constituency,Name,Party,FirstCount,Elected
CARLOW-KILKENNY,John McGuinness,Fianna Fail,10528,Yes
CARLOW-KILKENNY,Bobby Aylward,Fianna Fail,9366,Yes
CARLOW-KILKENNY,Kathleen Funchion,Sinn Fein,8700,Yes
CARLOW-KILKENNY,Jennifer Murnane OConnor,Fianna Fail,8373,Yes
CARLOW-KILKENNY,John Paul Phelan,Fine Gael,7568,Yes
CARLOW-KILKENNY,Pat Deering,Fine Gael,6562,No
CARLOW-KILKENNY,David Fitzgerald,Fine Gael,5017,No
CARLOW-KILKENNY,Ann Phelan,Labour,4391,No
CARLOW-KILKENNY,Malcolm Noonan,Green Party,2621,No
CARLOW-KILKENNY,Patrick McKee,Renua,2483,No
CARLOW-KILKENNY,Adrienne Wallace,Anti-Austerity Alliance-People Before Profit,1582,No
CARLOW-KILKENNY,Conor MacLiam,Anti-Austerity Alliance-People Before Profit,1120,No
CARLOW-KILKENNY,Paddy Manning,Independent,1078,No
CARLOW-KILKENNY,Keith Gilligan,Independent,456,No
CARLOW-KILKENNY,Noel G Walsh,Independent,164,No
CAVAN-MONAGHAN,Heather Humphreys,Fine Gael,12391,Yes
CAVAN-MONAGHAN,Caoimhghín Ó Caoláin,Sinn Fein,10060,Yes
CAVAN-MONAGHAN,Brendan Smith,Fianna Fail,8775,Yes
CAVAN-MONAGHAN,Joe OReilly,Fine Gael,6566,Yes
CAVAN-MONAGHAN,Niamh Smyth,Fianna Fail,6268,No
CAVAN-MONAGHAN,Kathryn Reilly,Sinn Fein,6066,No
CAVAN-MONAGHAN,Mike Durkin,Fianna Fail,2909,No
CAVAN-MONAGHAN,Seán Conlan,Independent,1665,No
CAVAN-MONAGHAN,Mary Smyth,Independent,1589,No
CAVAN-MONAGHAN,Michael Callaghan,Green Party,1251,No
CAVAN-MONAGHAN,John Wilson,Independent,1023,No
CAVAN-MONAGHAN,Mick McDermott,Direct Democracy Ireland,475,No
CAVAN-MONAGHAN,Aoife OConnell,Direct Democracy Ireland,279,No
CAVAN-MONAGHAN,Emmett Smith,Independent,245,No
CAVAN-MONAGHAN,Jimmy Mee,Independent,88,No
CLARE,Timmy Dooley,Fianna Fail,10215,Yes
CLARE,Michael Harty,Independent,8629,Yes
CLARE,Pat Breen,Fine Gael,6583,Yes
CLARE,Joe Carey,Fine Gael,6071,Yes
CLARE,Michael McDonagh,Fianna Fail,4726,No
CLARE,Michael McNamara,Labour,4472,No
CLARE,Noeleen Moran,Sinn Fein,4216,No
CLARE,Clare Colleran-Molloy,Fianna Fail,2639,No
CLARE,Ann Norton,Independent,2240,No
CLARE,Mary Howard,Fine Gael,2053,No
CLARE,Fergal Smith,Green Party,1700,No
CLARE,Ian Lynch,Independent,1494,No
CLARE,Niamh OBrien,Fis Nua,1154,No
CLARE,Richard Cahill,Independent,699,No
CLARE,André Sibo Hakizimana,Independent,70,No
CLARE,Dermot Mulqueen,Independent,39,No
CORK EAST,Kevin OKeeffe,Fianna Fail,8264,Yes
CORK EAST,David Stanton,Fine Gael,7171,Yes
CORK EAST,Seán Sherlock,Labour,6949,Yes
CORK EAST,Pat Buckley,Sinn Fein,5358,Yes
CORK EAST,Barbara Ahern,Fianna Fail,4594,No
CORK EAST,Noel McCarthy,Fine Gael,4406,No
CORK EAST,Tom Barry,Fine Gael,3461,No
CORK EAST,Paul Bradford,Renua,3244,No
CORK EAST,Mary Linehan-Foley,Independent,3145,No
CORK EAST,Ciara Leonardi-Roche,Anti-Austerity Alliance-People Before Profit,1999,No
CORK EAST,Kieran McCarthy,Independent,1635,No
CORK EAST,Ken Curtin,Social Democrats,1386,No
CORK EAST,Natasha Harty,Green Party,806,No
CORK EAST,Paddy Bullman,Independent,241,No
CORK EAST,Ross Cannon,Independent,147,No
CORK NORTH-CENTRAL,Billy Kelleher,Fianna Fail,14286,Yes
CORK NORTH-CENTRAL,Mick Barry,Anti-Austerity Alliance-People Before Profit,8041,Yes
CORK NORTH-CENTRAL,Jonathan OBrien,Sinn Fein,6231,Yes
CORK NORTH-CENTRAL,Dara Murphy,Fine Gael,5264,Yes
CORK NORTH-CENTRAL,Julie OLeary,Fine Gael,3841,No
CORK NORTH-CENTRAL,Thomas Gould,Sinn Fein,3773,No
CORK NORTH-CENTRAL,Kathleen Lynch,Labour,3723,No
CORK NORTH-CENTRAL,Oliver Moran,Green Party,1693,No
CORK NORTH-CENTRAL,Ted Tynan,Workers Party,1419,No
CORK NORTH-CENTRAL,Paddy OLeary,Renua,1120,No
CORK NORTH-CENTRAL,Ger Keohane,Independent,912,No
CORK NORTH-CENTRAL,Thomas Kiely,Independent,473,No
CORK NORTH-CENTRAL,Mick Murphy,Independent,215,No
CORK NORTH-CENTRAL,Peter OLoughlin,Independent,183,No
CORK NORTH-WEST,Aindrias Moynihan,Fianna Fail,8924,Yes
CORK NORTH-WEST,Michael Creed,Fine Gael,8869,Yes
CORK NORTH-WEST,Michael Moynihan,Fianna Fail,7332,Yes
CORK NORTH-WEST,Áine Collins,Fine Gael,6237,No
CORK NORTH-WEST,John Paul OShea,Independent,4814,No
CORK NORTH-WEST,Nigel Dennehy,Sinn Fein,3238,No
CORK NORTH-WEST,Diarmuid OFlynn,Independent Alliance,2159,No
CORK NORTH-WEST,Jason Fitzgerald,Renua,1568,No
CORK NORTH-WEST,Steven ORiordan,Independent,1361,No
CORK NORTH-WEST,Cormac Manning,Green Party,1354,No
CORK NORTH-WEST,Jerry OSullivan,Independent,478,No
CORK NORTH-WEST,Shirley Griffin,Independent,439,No
CORK NORTH-WEST,Michael ODonnell,Communist Party,185,No
CORK SOUTH-CENTRAL,Michael McGrath,Fianna Fail,11795,Yes
CORK SOUTH-CENTRAL,Micheál Martin,Fianna Fail,11346,Yes
CORK SOUTH-CENTRAL,Simon Coveney,Fine Gael,7965,Yes
CORK SOUTH-CENTRAL,Donnchadh Ó Laoghaire,Sinn Fein,6986,Yes
CORK SOUTH-CENTRAL,Jerry Buttimer,Fine Gael,6419,No
CORK SOUTH-CENTRAL,Ciaran Lynch,Labour,2417,No
CORK SOUTH-CENTRAL,Mick Finn,Independent Alliance,2378,No
CORK SOUTH-CENTRAL,Lorna Bogue,Green Party,2064,No
CORK SOUTH-CENTRAL,Fiona Ryan,Anti-Austerity Alliance-People Before Profit,937,No
CORK SOUTH-CENTRAL,Diarmaid Ó Cadhla,Independent,887,No
CORK SOUTH-CENTRAL,Ciarán Kenneally,Renua,869,No
CORK SOUTH-CENTRAL,Jim O’Connell,Anti-Austerity Alliance-People Before Profit,795,No
CORK SOUTH-CENTRAL,Joe Harris,Independent,350,No
CORK SOUTH-CENTRAL,Elizabeth Hourihane,Independent,304,No
CORK SOUTH-CENTRAL,Michael Mohally,Independent,170,No
CORK SOUTH-WEST,Margaret Murphy-OMahony,Fianna Fail,8482,Yes
CORK SOUTH-WEST,Jim Daly,Fine Gael,7370,Yes
CORK SOUTH-WEST,Michael Collins,Independent,6765,Yes
CORK SOUTH-WEST,Noel Harrington,Fine Gael,6433,No
CORK SOUTH-WEST,Alan Coleman,Independent,4955,No
CORK SOUTH-WEST,Rachel McCarthy,Sinn Fein,3656,No
CORK SOUTH-WEST,Michael McCarthy,Labour,3035,No
CORK SOUTH-WEST,Johnny OMahony,Green Party,752,No
CORK SOUTH-WEST,Gillian Powell,Independent,701,No
CORK SOUTH-WEST,Theresa Heaney,Catholic Democrats,686,No
CORK SOUTH-WEST,Fiona Pettit OLeary,Independent,423,No
DONEGAL,Charlie McConalogue,Fianna Fail,12533,Yes
DONEGAL,Pearse Doherty,Sinn Fein,10300,Yes
DONEGAL,Pat the Cope Gallagher,Fianna Fail,10198,Yes
DONEGAL,Joe McHugh,Fine Gael,8412,Yes
DONEGAL,Thomas Pringle,Independent,6220,Yes
DONEGAL,Padraig MacLochlainn,Sinn Fein,5742,No
DONEGAL,Gary Doherty,Sinn Fein,4136,No
DONEGAL,Dessie Shiels,Independent,3724,No
DONEGAL,Tim Jackson,Independent,3580,No
DONEGAL,Paddy Harte,Fine Gael,2831,No
DONEGAL,Frank McBrearty,Independent,1914,No
DONEGAL,Niamh Kennedy,Independent Alliance,1836,No
DONEGAL,Ian McGarvey,Independent,982,No
DONEGAL,Paula Flanagan,Green Party,428,No
DONEGAL,Michael Mooney,Independent,397,No
DONEGAL,Cordelia Níc Fhearraigh,Fis Nua,70,No
DUBLIN BAY NORTH,Richard Bruton,Fine Gael,9792,Yes
DUBLIN BAY NORTH,Seán Haughey,Fianna Fail,8007,Yes
DUBLIN BAY NORTH,Finian McGrath,Independent Alliance,5878,Yes
DUBLIN BAY NORTH,Aodhán Ó Ríordáin,Labour,5675,Yes
DUBLIN BAY NORTH,Tommy Broughan,Independent,5361,Yes
DUBLIN BAY NORTH,Denise Mitchell,Sinn Fein,5039,No
DUBLIN BAY NORTH,Averil Power,Independent,4911,No
DUBLIN BAY NORTH,John Lyons,Anti-Austerity Alliance-People Before Profit,4409,No
DUBLIN BAY NORTH,Cian OCallaghan,Social Democrats,3864,No
DUBLIN BAY NORTH,Mícheál Mac Donncha,Sinn Fein,3527,No
DUBLIN BAY NORTH,Deirdre Heney,Fianna Fail,3360,No
DUBLIN BAY NORTH,Terence Flanagan,Renua,3205,No
DUBLIN BAY NORTH,Naoise Ó Muirí,Fine Gael,2868,No
DUBLIN BAY NORTH,Michael OBrien,Anti-Austerity Alliance-People Before Profit,2236,No
DUBLIN BAY NORTH,Stephanie Regan,Fine Gael,1857,No
DUBLIN BAY NORTH,Damien ONeill,Independent,1446,No
DUBLIN BAY NORTH,Donna Cooney,Green Party,1024,No
DUBLIN BAY NORTH,Jimmy Guerin,Independent,756,No
DUBLIN BAY NORTH,Paul Clarke,Independent,306,No
DUBLIN BAY NORTH,Proinsias Ó Conaráin,Independent,104,No
DUBLIN BAY SOUTH,Eoghan Murphy,Fine Gael,6567,Yes
DUBLIN BAY SOUTH,Kate OConnell,Fine Gael,5399,Yes
DUBLIN BAY SOUTH,Jim OCallaghan,Fianna Fail,4575,Yes
DUBLIN BAY SOUTH,Eamon Ryan,Green Party,4529,Yes
DUBLIN BAY SOUTH,Lucinda Creighton,Renua,4229,No
DUBLIN BAY SOUTH,Kevin Humphreys,Labour,4205,No
DUBLIN BAY SOUTH,Chris Andrews,Sinn Fein,3774,No
DUBLIN BAY SOUTH,Glenna Lynch,Social Democrats,2652,No
DUBLIN BAY SOUTH,Annette Mooney,Anti-Austerity Alliance-People Before Profit,1728,No
DUBLIN BAY SOUTH,Mannix Flynn,Independent,1525,No
DUBLIN BAY SOUTH,Alan MacStiofain,Independent,235,No
DUBLIN BAY SOUTH,Eoin Tierney,Independent,151,No
DUBLIN BAY SOUTH,William DJ Gorman,Independent,97,No
DUBLIN BAY SOUTH,John Dominic Keigher,Independent,37,No
DUBLIN CENTRAL,Mary Lou McDonald,Sinn Fein,5770,Yes
DUBLIN CENTRAL,Paschal Donohoe,Fine Gael,3226,Yes
DUBLIN CENTRAL,Mary Fitzpatrick,Fianna Fail,2508,Yes
DUBLIN CENTRAL,Christy Burke,Independent,2406,No
DUBLIN CENTRAL,Gary Gannon,Social Democrats,2307,No
DUBLIN CENTRAL,Joe Costello,Labour,2092,No
DUBLIN CENTRAL,Maureen OSullivan,Independent,1990,No
DUBLIN CENTRAL,Cieran Perry,Independent,1242,No
DUBLIN CENTRAL,Diana ODwyer,Anti-Austerity Alliance-People Before Profit,721,No
DUBLIN CENTRAL,Ian Noel Smyth,Green Party,644,No
DUBLIN CENTRAL,Jacqui Gilbourne,Renua,330,No
DUBLIN CENTRAL,Éilis Ryan,Workers Party,303,No
DUBLIN CENTRAL,Cormac McKay,Direct Democracy Ireland,62,No
DUBLIN CENTRAL,Kerry Guinan,Independent,58,No
DUBLIN CENTRAL,William DJ Gorman,Independent,27,No
DUBLIN FINGAL,Darragh OBrien,Fianna Fail,10826,Yes
DUBLIN FINGAL,Clare Daly,Independent,9480,Yes
DUBLIN FINGAL,Alan Farrell,Fine Gael,7514,Yes
DUBLIN FINGAL,Brendan Ryan,Labour,6009,Yes
DUBLIN FINGAL,Louise OReilly,Sinn Fein,5228,Yes
DUBLIN FINGAL,James Reilly,Fine Gael,4666,No
DUBLIN FINGAL,Lorraine Clifford-Lee,Fianna Fail,3359,No
DUBLIN FINGAL,Tony Murphy,Independent,2783,No
DUBLIN FINGAL,Barry Martin,Independent,2503,No
DUBLIN FINGAL,Joe OBrien,Green Party,2412,No
DUBLIN FINGAL,Gerry Molloy,Renua,2091,No
DUBLIN FINGAL,Terry Kelleher,Anti-Austerity Alliance-People Before Profit,2067,No
DUBLIN FINGAL,Roslyn Fuller,Independent,772,No
DUBLIN FINGAL,Marcus De Brun,Independent,627,No
DUBLIN FINGAL,Fergal OConnell,Independent,51,No
DUBLIN MID-WEST,Eoin Ó Broin,Sinn Fein,9782,Yes
DUBLIN MID-WEST,Frances Fitzgerald,Fine Gael,9028,Yes
DUBLIN MID-WEST,John Curran,Fianna Fail,6971,Yes
DUBLIN MID-WEST,Gino Kenny,Anti-Austerity Alliance-People Before Profit,4629,Yes
DUBLIN MID-WEST,Anne-Marie McNally,Social Democrats,2633,No
DUBLIN MID-WEST,Paul Gogarty,Independent Alliance,2522,No
DUBLIN MID-WEST,Derek Keating,Fine Gael,2337,No
DUBLIN MID-WEST,Joanna Tuffy,Labour,2146,No
DUBLIN MID-WEST,Francis Timmons,Independent,1085,No
DUBLIN MID-WEST,Lorraine Hennessy,Workers Party,502,No
DUBLIN MID-WEST,Tom Kivlehan,Green Party,388,No
DUBLIN MID-WEST,Clare Leonard,Independent,358,No
DUBLIN MID-WEST,Patrick Akpoveta,Independent,288,No
DUBLIN MID-WEST,Haroon Khan,Independent,268,No
DUBLIN MID-WEST,Christopher Healy,Direct Democracy Ireland,157,No
DUBLIN NORTH-WEST,Róisín Shortall,Social Democrats,10540,Yes
DUBLIN NORTH-WEST,Dessie Ellis,Sinn Fein,7571,Yes
DUBLIN NORTH-WEST,Paul McAuliffe,Fianna Fail,4750,Yes
DUBLIN NORTH-WEST,Noel Rock,Fine Gael,4642,No
DUBLIN NORTH-WEST,John Lyons,Labour,2750,No
DUBLIN NORTH-WEST,Cathleen Carney Boud,Sinn Fein,2437,No
DUBLIN NORTH-WEST,Andrew Keegan,Anti-Austerity Alliance-People Before Profit,1434,No
DUBLIN NORTH-WEST,Bernie Hughes,Independent,1120,No
DUBLIN NORTH-WEST,Caroline Conroy,Green Party,915,No
DUBLIN NORTH-WEST,Jimmy Dignam,Workers Party,692,No
DUBLIN NORTH-WEST,Cormac McKay,Direct Democracy Ireland,158,No
DUBLIN RATHDOWN,Shane Ross,Independent Alliance,10202,Yes
DUBLIN RATHDOWN,Josepha Madigan,Fine Gael,6668,Yes
DUBLIN RATHDOWN,Alan Shatter,Fine Gael,5905,Yes
DUBLIN RATHDOWN,Mary White,Fianna Fail,4220,No
DUBLIN RATHDOWN,Catherine Martin,Green Party,4122,No
DUBLIN RATHDOWN,Alex White,Labour,4048,No
DUBLIN RATHDOWN,Sorcha Nic Cormaic,Sinn Fein,2858,No
DUBLIN RATHDOWN,Peter* Mathews,Independent,2021,No
DUBLIN RATHDOWN,Alan Daveron,Renua,1055,No
DUBLIN SOUTH-CENTRAL,Aengus Ó Snodaigh,Sinn Fein,6639,Yes
DUBLIN SOUTH-CENTRAL,Joan Collins,Independent,6195,Yes
DUBLIN SOUTH-CENTRAL,Catherine Byrne,Fine Gael,6130,Yes
DUBLIN SOUTH-CENTRAL,Catherine Ardagh,Fianna Fail,5441,Yes
DUBLIN SOUTH-CENTRAL,Bríd Smith,Anti-Austerity Alliance-People Before Profit,4374,No
DUBLIN SOUTH-CENTRAL,Máire Devine,Sinn Fein,3332,No
DUBLIN SOUTH-CENTRAL,Eric Byrne,Labour,3297,No
DUBLIN SOUTH-CENTRAL,Liam Coyne,Social Democrats,2434,No
DUBLIN SOUTH-CENTRAL,Paul Hand,Independent,2011,No
DUBLIN SOUTH-CENTRAL,Oisín Ó hAlmhain,Green Party,1410,No
DUBLIN SOUTH-CENTRAL,Michael Gargan,Renua,893,No
DUBLIN SOUTH-CENTRAL,Neville Bradley,Direct Democracy Ireland,407,No
DUBLIN SOUTH-CENTRAL,Richard Murray,Independent,294,No
DUBLIN SOUTH-WEST,John Lahart,Fianna Fail,9647,Yes
DUBLIN SOUTH-WEST,Paul Murphy,Anti-Austerity Alliance-People Before Profit,9005,Yes
DUBLIN SOUTH-WEST,Colm Brophy,Fine Gael,7195,Yes
DUBLIN SOUTH-WEST,Seán Crowe,Sinn Fein,6974,Yes
DUBLIN SOUTH-WEST,Anne-Marie Dermody,Fine Gael,6463,Yes
DUBLIN SOUTH-WEST,Katherine Zappone,Independent,4463,No
DUBLIN SOUTH-WEST,Sandra Fay,Anti-Austerity Alliance-People Before Profit,3241,No
DUBLIN SOUTH-WEST,Ronan McMahon,Renua,2906,No
DUBLIN SOUTH-WEST,Peter Fitzpatrick,Independent,2812,No
DUBLIN SOUTH-WEST,Pamela Kearns,Labour,2635,No
DUBLIN SOUTH-WEST,Sarah Holland,Sinn Fein,2616,No
DUBLIN SOUTH-WEST,Deirdre ODonovan,Independent Alliance,2197,No
DUBLIN SOUTH-WEST,Mick Duff,Labour,1743,No
DUBLIN SOUTH-WEST,Eamonn Maloney,Independent,1627,No
DUBLIN SOUTH-WEST,Francis Duffy,Green Party,1297,No
DUBLIN SOUTH-WEST,Karen Warren,Fine Gael,1088,No
DUBLIN SOUTH-WEST,Declan Burke,Independent,515,No
DUBLIN SOUTH-WEST,Stephen Sinclair,Direct Democracy Ireland,359,No
DUBLIN SOUTH-WEST,Kieran Adam Quigley,Independent,317,No
DUBLIN SOUTH-WEST,Joan Summerville-Molloy,Independent,112,No
DUBLIN SOUTH-WEST,Frank OGorman,Independent,59,No
DUBLIN WEST,Leo Varadkar,Fine Gael,8247,Yes
DUBLIN WEST,Jack Chambers,Fianna Fail,6917,Yes
DUBLIN WEST,Ruth Coppinger,Anti-Austerity Alliance-People Before Profit,6520,Yes
DUBLIN WEST,Joan Burton,Labour,6445,Yes
DUBLIN WEST,Paul Donnelly,Sinn Fein,6034,No
DUBLIN WEST,David McGuinness,Independent Alliance,2991,No
DUBLIN WEST,Roderic OGorman,Green Party,1730,No
DUBLIN WEST,T.J. Clare,Independent,1092,No
DUBLIN WEST,Catherine Noone,Fine Gael,1074,No
DUBLIN WEST,Jo OBrien,Renua,677,No
DUBLIN WEST,Dermot Casey,Independent,225,No
DÚN LAOGHAIRE,Seán BARRETT,Fine Gael,14810,Yes
DÚN LAOGHAIRE,Mary Mitchell-OConnor,Fine Gael,10817,Yes
DÚN LAOGHAIRE,Maria Bailey,Fine Gael,10489,Yes
DÚN LAOGHAIRE,Richard Boyd Barrett,Anti-Austerity Alliance-People Before Profit,9775,Yes
DÚN LAOGHAIRE,Mary Hanafin,Fianna Fail,6478,No
DÚN LAOGHAIRE,Carrie Smyth,Labour,5192,No
DÚN LAOGHAIRE,Cormac Devlin,Fianna Fail,4665,No
DÚN LAOGHAIRE,Ossian Smyth,Green Party,3478,No
DÚN LAOGHAIRE,Shane OBrien,Sinn Fein,3167,No
DÚN LAOGHAIRE,Carol Hunt,Independent Alliance,3152,No
DÚN LAOGHAIRE,Frank Cronin,Renua,1812,No
DÚN LAOGHAIRE,Raymond Whitehead,Direct Democracy Ireland,213,No
GALWAY EAST,Seán Canney,Independent Alliance,8447,Yes
GALWAY EAST,Ciarán Cannon,Fine Gael,7123,Yes
GALWAY EAST,Anne Rabbitte,Fianna Fail,6928,Yes
GALWAY EAST,Paul Jnr Connaughton,Fine Gael,6474,No
GALWAY EAST,Colm Keaveney,Fianna Fail,5436,No
GALWAY EAST,Lorraine Higgins,Labour,4531,No
GALWAY EAST,Annemarie Roche,Sinn Fein,2683,No
GALWAY EAST,Michael Fahy,Independent,2358,No
GALWAY EAST,Mairéad Ni Chróinín,Green Party,769,No
GALWAY EAST,Aengus Melia,Direct Democracy Ireland,489,No
GALWAY WEST,Éamon Ó Cuív,Fianna Fail,9539,Yes
GALWAY WEST,Noel* Grealish,Independent,7187,Yes
GALWAY WEST,Seán Kyne,Fine Gael,6136,Yes
GALWAY WEST,Trevor Ó Clochartaigh,Sinn Fein,5755,Yes
GALWAY WEST,Catherine Connolly,Independent,4877,Yes
GALWAY WEST,John OMahony,Fine Gael,4734,No
GALWAY WEST,Hildegarde Naughton,Fine Gael,4567,No
GALWAY WEST,John Connolly,Fianna Fail,3885,No
GALWAY WEST,Niall Ó Tuathail,Social Democrats,3455,No
GALWAY WEST,Derek Nolan,Labour,3220,No
GALWAY WEST,Mary Hoade,Fianna Fail,2205,No
GALWAY WEST,Mike Cubbard,Independent,2122,No
GALWAY WEST,Séamus Sheridan,Green Party,1588,No
GALWAY WEST,Fidelma Healy-Eames,Independent,1394,No
GALWAY WEST,James Charity,Independent,1171,No
GALWAY WEST,Tommy Holohan,Anti-Austerity Alliance-People Before Profit,1017,No
GALWAY WEST,Nicola Daveron ,Renua,994,No
GALWAY WEST,Tommy Roddy,Independent,251,No
GALWAY WEST,Ruairí ONeill,Direct Democracy Ireland,152,No
GALWAY WEST,Patrick Feeney,Independent,22,No
KERRY,Michael Healy-Rae,Independent,20378,Yes
KERRY,Danny Healy-Rae,Independent,9991,Yes
KERRY,Brendan Griffin,Fine Gael,9674,Yes
KERRY,Martin Ferris,Sinn Fein,9458,Yes
KERRY,John Brassil,Fianna Fail,8156,Yes
KERRY,Jimmy Deenihan,Fine Gael,6489,No
KERRY,Arthur Spring,Labour,4813,No
KERRY,Normy Moriarty,Fianna Fail,4348,No
KERRY,Michael OGorman,Independent,1236,No
KERRY,Michael Fitzgerald,Green Party,1011,No
KERRY,Brian Finucane,Anti-Austerity Alliance-People Before Profit,981,No
KERRY,Grace ODonnell,Fine Gael,776,No
KERRY,Donal Corcoran,Renua,716,No
KERRY,Mary E Fitzgibbon,Independent,635,No
KERRY,Kevin Murphy,Independent,464,No
KERRY,Henry Gaynor,Independent,147,No
KILDARE NORTH,Catherine Murphy,Social Democrats,11108,Yes
KILDARE NORTH,James Lawless,Fianna Fail,7461,Yes
KILDARE NORTH,Frank ORourke,Fianna Fail,6341,Yes
KILDARE NORTH,Bernard Durkan,Fine Gael,6147,Yes
KILDARE NORTH,Anthony Lawlor,Fine Gael,5406,No
KILDARE NORTH,Emmet Stagg,Labour,4087,No
KILDARE NORTH,Réada Cronin,Sinn Fein,3205,No
KILDARE NORTH,Maebh Ní Fhallúin,Green Party,1485,No
KILDARE NORTH,Brendan Young,Independent,1200,No
KILDARE NORTH,Shane Fitzgerald,Renua,994,No
KILDARE NORTH,Ashling Merriman,Anti-Austerity Alliance-People Before Profit,781,No
KILDARE NORTH,Michael Beirne,Independent,372,No
KILDARE NORTH,Gerard Dunne,Independent,249,No
KILDARE NORTH,Elizabeth OSullivan,Independent,99,No
KILDARE SOUTH,Martin Heydon,Fine Gael,7851,Yes
KILDARE SOUTH,Fiona OLoughlin,Fianna Fail,6906,Yes
KILDARE SOUTH,Seán Ó Fearghaíl,Fianna Fail,6469,Yes
KILDARE SOUTH,Mark Wall,Labour,4277,No
KILDARE SOUTH,Patricia Ryan,Sinn Fein,4267,No
KILDARE SOUTH,Fiona McLoughlin-Healy,Fine Gael,3250,No
KILDARE SOUTH,Declan Crowe,Independent,2143,No
KILDARE SOUTH,Suzanne McEneaney,Green Party,836,No
KILDARE SOUTH,Mary Kennedy,Renua,787,No
LAOIS,Seán Fleming,Fianna Fail,13626,Yes
LAOIS,Charlie Flanagan,Fine Gael,8370,Yes
LAOIS,Brian Stanley,Sinn Fein,8242,Yes
LAOIS,Thomasina Connell,Fine Gael,4233,No
LAOIS,John Whelan,Labour,2856,No
LAOIS,Sinéad Moore,Green Party,1541,No
LIMERICK CITY,Willie ODea,Fianna Fail,12999,Yes
LIMERICK CITY,Michael Noonan,Fine Gael,7294,Yes
LIMERICK CITY,Kieran ODonnell,Fine Gael,6047,Yes
LIMERICK CITY,Maurice Quinlivan,Sinn Fein,5894,Yes
LIMERICK CITY,Jan OSullivan,Labour,5227,No
LIMERICK CITY,Cian Prendiville,Anti-Austerity Alliance-People Before Profit,4584,No
LIMERICK CITY,Sarah Jane Hennelly,Social Democrats,2747,No
LIMERICK CITY,James Gaffney,Green Party,964,No
LIMERICK CITY,Nora Bennis,Catholic Democrats,673,No
LIMERICK CITY,Desmond Hayes,Independent,254,No
LIMERICK CITY,Denis Riordan,Independent,78,No
LIMERICK COUNTY,Niall Collins,Fianna Fail,12276,Yes
LIMERICK COUNTY,Patrick ODonovan,Fine Gael,8479,Yes
LIMERICK COUNTY,Tom Neville,Fine Gael,8013,Yes
LIMERICK COUNTY,Emmett OBrien,Independent,5432,No
LIMERICK COUNTY,James Heffernan,Social Democrats,3347,No
LIMERICK COUNTY,Seamus Browne,Sinn Fein,3270,No
LIMERICK COUNTY,Richard ODonoghue,Independent,2855,No
LIMERICK COUNTY,Alexander Cosgrave,Green Party,311,No
LIMERICK COUNTY,Mark Keogh,Direct Democracy Ireland,222,No
LIMERICK COUNTY,John OGorman,Independent,207,No
LONGFORD-WESTMEATH,Robert Troy,Fianna Fail,11655,Yes
LONGFORD-WESTMEATH,Kevin Boxer Moran,Independent Alliance,7585,Yes
LONGFORD-WESTMEATH,Peter Burke,Fine Gael,5683,Yes
LONGFORD-WESTMEATH,Paul Hogan,Sinn Fein,5276,Yes
LONGFORD-WESTMEATH,Willie Penrose,Labour,4822,No
LONGFORD-WESTMEATH,James Bannon,Fine Gael,4649,No
LONGFORD-WESTMEATH,Connie Gerety-Quinn,Fianna Fail,3944,No
LONGFORD-WESTMEATH,James Morgan,Independent Alliance,3329,No
LONGFORD-WESTMEATH,Gabrielle McFadden,Fine Gael,2834,No
LONGFORD-WESTMEATH,Mae Sexton,Independent,1646,No
LONGFORD-WESTMEATH,Manchán Magan,Green Party,1104,No
LONGFORD-WESTMEATH,Brian Fagan,Independent,898,No
LONGFORD-WESTMEATH,Noel McKervey,Catholic Democrats,654,No
LONGFORD-WESTMEATH,Dom Parker,Anti-Austerity Alliance-People Before Profit,506,No
LONGFORD-WESTMEATH,Barbara Smyth,Independent,296,No
LONGFORD-WESTMEATH,James Miller,Independent,210,No
LONGFORD-WESTMEATH,Stephanie Healy,Direct Democracy Ireland,132,No
LONGFORD-WESTMEATH,Donal Jackson,Independent,53,No
LOUTH,Gerry Adams,Sinn Fein,10661,Yes
LOUTH,Declan Breathnach,Fianna Fail,9099,Yes
LOUTH,Imelda Munster,Sinn Fein,8829,Yes
LOUTH,Fergus ODowd,Fine Gael,6814,Yes
LOUTH,Peter Fitzpatrick,Fine Gael,6408,Yes
LOUTH,Gerald Nash,Labour,4945,No
LOUTH,Kevin Callan,Independent Alliance,3541,No
LOUTH,Gareth Weldon,Anti-Austerity Alliance-People Before Profit,3462,No
LOUTH,Emma Coffey,Fianna Fail,3422,No
LOUTH,Mark Dearey,Green Party,3187,No
LOUTH,Maeve Yore,Independent,2746,No
LOUTH,Michael ODowd,Renua,2095,No
LOUTH,Mary Moran,Labour,1198,No
LOUTH,Anthony Connor,Direct Democracy Ireland,676,No
LOUTH,David Bradley,Independent,319,No
LOUTH,Pat Greene,Direct Democracy Ireland,127,No
MAYO,Enda Kenny,Fine Gael,13318,Yes
MAYO,Michael Ring,Fine Gael,11275,Yes
MAYO,Dara Calleary,Fianna Fail,9402,Yes
MAYO,Lisa Chambers,Fianna Fail,8231,Yes
MAYO,Michelle Mulherin,Fine Gael,7841,No
MAYO,Rose Conway-Walsh,Sinn Fein,6414,No
MAYO,Jerry Cowley,Independent,3479,No
MAYO,Michael Farrington,Renua,1574,No
MAYO,Margaret Mags Sheehan,Independent,629,No
MAYO,Tom Moran,Anti-Austerity Alliance-People Before Profit,576,No
MAYO,George OMalley,Independent,262,No
MAYO,Peter Jordan,Independent,176,No
MAYO,Stephen Manning,Independent,157,No
MAYO,Mohammad Kamal Uddin,Independent,144,No
MAYO,Gerry OBoyle,Independent,126,No
MAYO,Seán Forkan,Independent,42,No
MEATH EAST,Thomas Byrne,Fianna Fail,10818,Yes
MEATH EAST,Helen McEntee,Fine Gael,7556,Yes
MEATH EAST,Regina Doherty,Fine Gael,6830,Yes
MEATH EAST,Darren ORourke,Sinn Fein,5780,No
MEATH EAST,Joe Bonner,Independent Alliance,2482,No
MEATH EAST,Dominic Hannigan,Labour,2270,No
MEATH EAST,Aisling ONeill,Social Democrats,1715,No
MEATH EAST,Sharon Keogan,Independent,1528,No
MEATH EAST,Ben Gilroy,Direct Democracy Ireland,794,No
MEATH EAST,Seán Ó Buachalla,Green Party,766,No
MEATH EAST,Sarah Tyrrell,Renua,523,No
MEATH EAST,Seamus McDonagh,Workers Party,326,No
MEATH WEST,Shane Cassells,Fianna Fail,10585,Yes
MEATH WEST,Peadar Tóibín,Sinn Fein,9442,Yes
MEATH WEST,Damien English,Fine Gael,8123,Yes
MEATH WEST,Ray Butler,Fine Gael,4432,No
MEATH WEST,Trevor Golden,Independent,1718,No
MEATH WEST,Seamus McMenamin,Green Party,1421,No
MEATH WEST,Alan Lawes,Direct Democracy Ireland,1279,No
MEATH WEST,Tracy McElhinney,Labour,1166,No
MEATH WEST,John Malone,Independent,439,No
OFFALY,Barry Cowen,Fianna Fail,12366,Yes
OFFALY,Marcella Corcoran-Kennedy,Fine Gael,6838,Yes
OFFALY,Joe Hannigan,Independent,5188,Yes
OFFALY,Carol Nolan,Sinn Fein,4804,No
OFFALY,John Leahy,Renua,4596,No
OFFALY,John Foley,Independent Alliance,4200,No
OFFALY,Eddie Fitzpatrick,Fianna Fail,3394,No
OFFALY,Ken Smollen,Irish Democratic Party,971,No
OFFALY,Teresa Ryan-Feehan,Independent,603,No
OFFALY,Kate Bopp,Independent,549,No
OFFALY,Christopher Fettes,Green Party,525,No
ROSCOMMON-GALWAY,Denis Naughten,Independent,13936,Yes
ROSCOMMON-GALWAY,Michael Fitzmaurice,Independent Alliance,9750,Yes
ROSCOMMON-GALWAY,Eugene Murphy,Fianna Fail,6813,Yes
ROSCOMMON-GALWAY,Maura Hopkins,Fine Gael,6812,No
ROSCOMMON-GALWAY,Claire Kerrane,Sinn Fein,3075,No
ROSCOMMON-GALWAY,Shane Curran,Fianna Fail,2006,No
ROSCOMMON-GALWAY,John Kelly,Labour,1211,No
ROSCOMMON-GALWAY,Eddie Conroy,Anti-Austerity Alliance-People Before Profit,982,No
ROSCOMMON-GALWAY,Anne Farrell,Renua,520,No
ROSCOMMON-GALWAY,Miriam Hennessy,Green Party,286,No
ROSCOMMON-GALWAY,Tony Coleman,Independent,214,No
ROSCOMMON-GALWAY,Declan Fallon Thomas,Independent,75,No
SLIGO-LEITRIM,Marc MacSharry,Fianna Fail,8856,Yes
SLIGO-LEITRIM,Gerry Reynolds,Fine Gael,6672,Yes
SLIGO-LEITRIM,Martin Kenny,Sinn Fein,6356,Yes
SLIGO-LEITRIM,Tony McLoughlin,Fine Gael,6172,Yes
SLIGO-LEITRIM,Eamon Scanlon,Fianna Fail,5874,No
SLIGO-LEITRIM,Paddy ORourke,Fianna Fail,5447,No
SLIGO-LEITRIM,Chris MacManus,Sinn Fein,4747,No
SLIGO-LEITRIM,John Perry,Fine Gael,4403,No
SLIGO-LEITRIM,Declan Bree,Independent,3250,No
SLIGO-LEITRIM,Marie Casserly,Independent Alliance,2726,No
SLIGO-LEITRIM,Susan OKeeffe,Labour,1829,No
SLIGO-LEITRIM,Nigel Gallagher,Anti-Austerity Alliance-People Before Profit,1768,No
SLIGO-LEITRIM,Bernie OHara,Independent,1206,No
SLIGO-LEITRIM,Des Guckian,Independent,1060,No
SLIGO-LEITRIM,Finbarr Filan,Renua,881,No
SLIGO-LEITRIM,Leslie OHora,Green Party,603,No
SLIGO-LEITRIM,Eamon Murray,Independent,356,No
SLIGO-LEITRIM,Bernard Sweeney,Independent,129,No
TIPPERARY,Michael Lowry,Independent,13064,Yes
TIPPERARY,Mattie McGrath,Independent,11237,Yes
TIPPERARY,Alan Kelly,Labour,7746,Yes
TIPPERARY,Séamus Healy,Independent,7452,Yes
TIPPERARY,Jackie Cahill,Fianna Fail,7414,Yes
TIPPERARY,Michael Smith,Fianna Fail,6718,No
TIPPERARY,Tom Hayes,Fine Gael,6218,No
TIPPERARY,Séamus Morris,Sinn Fein,5724,No
TIPPERARY,Noel Coonan,Fine Gael,4782,No
TIPPERARY,Siobhán Ambrose,Fianna Fail,4472,No
TIPPERARY,Marie Murphy,Fine Gael,1542,No
TIPPERARY,Gearóid Fitzgibbon,Green Party,1341,No
TIPPERARY,Michael Dillon,Independent,238,No
WATERFORD,Mary Butler,Fianna Fail,10603,Yes
WATERFORD,David Cullinane,Sinn Fein,9739,Yes
WATERFORD,John Halligan,Independent Alliance,8306,Yes
WATERFORD,John Deasy,Fine Gael,7641,Yes
WATERFORD,Paudie Coffey,Fine Gael,7209,No
WATERFORD,Ciara Conway,Labour,2268,No
WATERFORD,Grace OSullivan,Green Party,2237,No
WATERFORD,Úna Dunphy,Anti-Austerity Alliance-People Before Profit,1646,No
WATERFORD,Mailo Power,Renua,862,No
WATERFORD,John D Walsh,Independent,858,No
WATERFORD,Edward Quilty,Direct Democracy Ireland,194,No
WATERFORD,Sheikh Mohiuddin Ahmed,Independent,140,No
WEXFORD,Brendan Howlin,Labour,10574,Yes
WEXFORD,James Browne,Fianna Fail,9827,Yes
WEXFORD,Mick Wallace,Independent,7917,Yes
WEXFORD,Michael DArcy,Fine Gael,7798,Yes
WEXFORD,Paul Kehoe,Fine Gael,7696,Yes
WEXFORD,Johnny Mythen,Sinn Fein,7260,No
WEXFORD,Malcolm Byrne,Fianna Fail,6115,No
WEXFORD,Aoife Byrne,Fianna Fail,3164,No
WEXFORD,Ger Carty,Independent,3134,No
WEXFORD,Leonard Kelly,Social Democrats,1635,No
WEXFORD,Deirdre Wadding,Anti-Austerity Alliance-People Before Profit,1472,No
WEXFORD,John Dwyer,Independent,1265,No
WEXFORD,Julie Hogan,Fine Gael,1214,No
WEXFORD,Ann Walsh,Green Party,1056,No
WEXFORD,Caroline Foxe,Independent,930,No
WEXFORD,Emmet Moloney,Independent,476,No
WEXFORD,David Lloyd,Direct Democracy Ireland,128,No
WEXFORD,Pau OHanlon,Independent,0,No
WICKLOW,Stephen Donnelly,Social Democrats,14348,Yes
WICKLOW,John Brady,Sinn Fein,11151,Yes
WICKLOW,Simon Harris,Fine Gael,10819,Yes
WICKLOW,Andrew Doyle,Fine Gael,6289,Yes
WICKLOW,Pat Casey,Fianna Fail,6045,Yes
WICKLOW,Billy Timmins,Renua,5510,No
WICKLOW,Joe Behan,Independent,3070,No
WICKLOW,Anne Ferris,Labour,2990,No
WICKLOW,Jennifer Cuffe,Fianna Fail,2634,No
WICKLOW,Avril Cronin,Fine Gael,2091,No
WICKLOW,Sharon Briggs,Anti-Austerity Alliance-People Before Profit,1350,No
WICKLOW,Steven Matthews,Green Party,1241,No
WICKLOW,Anna Doyle,Anti-Austerity Alliance-People Before Profit,539,No
WICKLOW,Charlie Keddy,Independent,447,No
WICKLOW,Katrina Hutchinson,Direct Democracy Ireland,168,No
WICKLOW,Bob Kearns,Independent,112,No
